-- --------------------------------------------------------
-- Servidor:                     192.168.50.3
-- Versão do servidor:           Microsoft SQL Server 2022 (RTM-CU24-GDR) (KB5083252) - 16.0.4250.1
-- OS do Servidor:               Linux (Ubuntu 22.04.5 LTS) <X64>
-- HeidiSQL Versão:              12.10.0.7000
-- --------------------------------------------------------

/*!40101 SET @OLD_CHARACTER_SET_CLIENT=@@CHARACTER_SET_CLIENT */;
/*!40101 SET NAMES  */;
/*!40103 SET @OLD_TIME_ZONE=@@TIME_ZONE */;
/*!40103 SET TIME_ZONE='+00:00' */;
/*!40014 SET @OLD_FOREIGN_KEY_CHECKS=@@FOREIGN_KEY_CHECKS, FOREIGN_KEY_CHECKS=0 */;
/*!40101 SET @OLD_SQL_MODE=@@SQL_MODE, SQL_MODE='NO_AUTO_VALUE_ON_ZERO' */;
/*!40111 SET @OLD_SQL_NOTES=@@SQL_NOTES, SQL_NOTES=0 */;


-- Copiando estrutura do banco de dados para denuncia_segura
DROP DATABASE IF EXISTS "denuncia_segura";
CREATE DATABASE IF NOT EXISTS "denuncia_segura";
USE "denuncia_segura";

-- Copiando estrutura para tabela denuncia_segura.campos_lista
DROP TABLE IF EXISTS "campos_lista";
CREATE TABLE IF NOT EXISTS "campos_lista" (
	"id_campo" BIGINT NOT NULL,
	"campo" VARCHAR(max) NOT NULL COLLATE 'SQL_Latin1_General_CP1_CI_AS',
	"status" BIT NOT NULL,
	PRIMARY KEY ("id_campo")
);

-- Copiando dados para a tabela denuncia_segura.campos_lista: 5 rows
DELETE FROM "campos_lista";
/*!40000 ALTER TABLE "campos_lista" DISABLE KEYS */;
INSERT INTO "campos_lista" ("id_campo", "campo", "status") VALUES
	(1, 'Tipo de violência', b'1'),
	(2, 'Frequência', b'1'),
	(4, 'Relação com a vítima', b'1'),
	(5, 'Uso de álcool/drogas', b'1'),
	(6, 'Acesso a armas?', b'1');
/*!40000 ALTER TABLE "campos_lista" ENABLE KEYS */;

-- Copiando estrutura para função denuncia_segura.fn_diagramobjects
DROP FUNCTION IF EXISTS "fn_diagramobjects";
DELIMITER //

	CREATE FUNCTION dbo.fn_diagramobjects() 
	RETURNS int
	WITH EXECUTE AS N'dbo'
	AS
	BEGIN
		declare @id_upgraddiagrams		int
		declare @id_sysdiagrams			int
		declare @id_helpdiagrams		int
		declare @id_helpdiagramdefinition	int
		declare @id_creatediagram	int
		declare @id_renamediagram	int
		declare @id_alterdiagram 	int 
		declare @id_dropdiagram		int
		declare @InstalledObjects	int

		select @InstalledObjects = 0

		select 	@id_upgraddiagrams = object_id(N'dbo.sp_upgraddiagrams'),
			@id_sysdiagrams = object_id(N'dbo.sysdiagrams'),
			@id_helpdiagrams = object_id(N'dbo.sp_helpdiagrams'),
			@id_helpdiagramdefinition = object_id(N'dbo.sp_helpdiagramdefinition'),
			@id_creatediagram = object_id(N'dbo.sp_creatediagram'),
			@id_renamediagram = object_id(N'dbo.sp_renamediagram'),
			@id_alterdiagram = object_id(N'dbo.sp_alterdiagram'), 
			@id_dropdiagram = object_id(N'dbo.sp_dropdiagram')

		if @id_upgraddiagrams is not null
			select @InstalledObjects = @InstalledObjects + 1
		if @id_sysdiagrams is not null
			select @InstalledObjects = @InstalledObjects + 2
		if @id_helpdiagrams is not null
			select @InstalledObjects = @InstalledObjects + 4
		if @id_helpdiagramdefinition is not null
			select @InstalledObjects = @InstalledObjects + 8
		if @id_creatediagram is not null
			select @InstalledObjects = @InstalledObjects + 16
		if @id_renamediagram is not null
			select @InstalledObjects = @InstalledObjects + 32
		if @id_alterdiagram  is not null
			select @InstalledObjects = @InstalledObjects + 64
		if @id_dropdiagram is not null
			select @InstalledObjects = @InstalledObjects + 128
		
		return @InstalledObjects 
	END
	//
DELIMITER ;

-- Copiando estrutura para tabela denuncia_segura.lista_valores
DROP TABLE IF EXISTS "lista_valores";
CREATE TABLE IF NOT EXISTS "lista_valores" (
	"id_valor" BIGINT NOT NULL,
	"valor" VARCHAR(max) NOT NULL COLLATE 'SQL_Latin1_General_CP1_CI_AS',
	"id_campo" BIGINT NOT NULL,
	"status" BIT NOT NULL,
	FOREIGN KEY INDEX "FK_lista_valores_campos_lista" ("id_campo"),
	PRIMARY KEY ("id_valor"),
	CONSTRAINT "FK_lista_valores_campos_lista" FOREIGN KEY ("id_campo") REFERENCES "campos_lista" ("id_campo") ON UPDATE NO_ACTION ON DELETE NO_ACTION
);

-- Copiando dados para a tabela denuncia_segura.lista_valores: 17 rows
DELETE FROM "lista_valores";
/*!40000 ALTER TABLE "lista_valores" DISABLE KEYS */;
INSERT INTO "lista_valores" ("id_valor", "valor", "id_campo", "status") VALUES
	(1, 'Física', 1, b'1'),
	(2, 'Patrimonial', 1, b'1'),
	(3, 'Psicológica', 1, b'1'),
	(4, 'Moral', 1, b'1'),
	(5, 'Sexual', 1, b'1'),
	(6, 'Evento único', 2, b'1'),
	(7, 'Recorrente', 2, b'1'),
	(8, 'Cônjuge/companheiro', 4, b'1'),
	(9, 'Ex-companheiro', 4, b'1'),
	(10, 'Familiar', 4, b'1'),
	(11, 'Outro', 4, b'1'),
	(14, 'Sim', 5, b'1'),
	(16, 'Não', 5, b'1'),
	(18, 'Não sei', 5, b'1'),
	(19, 'Sim', 6, b'1'),
	(20, 'Não', 6, b'1'),
	(21, 'Não sei', 6, b'1');
/*!40000 ALTER TABLE "lista_valores" ENABLE KEYS */;

-- Copiando estrutura para tabela denuncia_segura.ocorrencias
DROP TABLE IF EXISTS "ocorrencias";
CREATE TABLE IF NOT EXISTS "ocorrencias" (
	"id_ocorrencia" BIGINT NOT NULL,
	"tipo_violencia" BIGINT NOT NULL,
	"descricao" VARCHAR(max) NOT NULL COLLATE 'SQL_Latin1_General_CP1_CI_AS',
	"data_ocorrencia" DATE NOT NULL,
	"frequencia" BIGINT NOT NULL,
	"cidade" VARCHAR(max) NULL DEFAULT NULL COLLATE 'SQL_Latin1_General_CP1_CI_AS',
	"bairro" VARCHAR(max) NULL DEFAULT NULL COLLATE 'SQL_Latin1_General_CP1_CI_AS',
	"endereco" VARCHAR(max) NULL DEFAULT NULL COLLATE 'SQL_Latin1_General_CP1_CI_AS',
	"relacao_vitima" BIGINT NOT NULL,
	"agressor_presente" BIT NOT NULL,
	"usa_alcool_drogas" BIGINT NOT NULL,
	"risco_imediato" BIT NOT NULL,
	"crianca_idoso" BIT NOT NULL,
	"existe_acesso_armas" BIGINT NOT NULL,
	"deseja_contato" BIT NOT NULL,
	"telefone" VARCHAR(max) NULL DEFAULT NULL COLLATE 'SQL_Latin1_General_CP1_CI_AS',
	"email" VARCHAR(max) NULL DEFAULT NULL COLLATE 'SQL_Latin1_General_CP1_CI_AS',
	"confirmacao" BIT NOT NULL,
	"data_registro" DATETIME NOT NULL,
	FOREIGN KEY INDEX "FK_ocorrencias_lista_valores" ("tipo_violencia"),
	FOREIGN KEY INDEX "FK_ocorrencias_lista_valores1" ("frequencia"),
	FOREIGN KEY INDEX "FK_ocorrencias_lista_valores2" ("relacao_vitima"),
	FOREIGN KEY INDEX "FK_ocorrencias_lista_valores3" ("usa_alcool_drogas"),
	FOREIGN KEY INDEX "FK_ocorrencias_lista_valores4" ("existe_acesso_armas"),
	PRIMARY KEY ("id_ocorrencia"),
	CONSTRAINT "FK_ocorrencias_lista_valores" FOREIGN KEY ("tipo_violencia") REFERENCES "lista_valores" ("id_valor") ON UPDATE NO_ACTION ON DELETE NO_ACTION,
	CONSTRAINT "FK_ocorrencias_lista_valores1" FOREIGN KEY ("frequencia") REFERENCES "lista_valores" ("id_valor") ON UPDATE NO_ACTION ON DELETE NO_ACTION,
	CONSTRAINT "FK_ocorrencias_lista_valores2" FOREIGN KEY ("relacao_vitima") REFERENCES "lista_valores" ("id_valor") ON UPDATE NO_ACTION ON DELETE NO_ACTION,
	CONSTRAINT "FK_ocorrencias_lista_valores3" FOREIGN KEY ("usa_alcool_drogas") REFERENCES "lista_valores" ("id_valor") ON UPDATE NO_ACTION ON DELETE NO_ACTION,
	CONSTRAINT "FK_ocorrencias_lista_valores4" FOREIGN KEY ("existe_acesso_armas") REFERENCES "lista_valores" ("id_valor") ON UPDATE NO_ACTION ON DELETE NO_ACTION
);

-- Copiando dados para a tabela denuncia_segura.ocorrencias: -1 rows
DELETE FROM "ocorrencias";
/*!40000 ALTER TABLE "ocorrencias" DISABLE KEYS */;
/*!40000 ALTER TABLE "ocorrencias" ENABLE KEYS */;

-- Copiando estrutura para procedure denuncia_segura.sp_alterdiagram
DROP PROCEDURE IF EXISTS "sp_alterdiagram";
DELIMITER //

	CREATE PROCEDURE dbo.sp_alterdiagram
	(
		@diagramname 	sysname,
		@owner_id	int	= null,
		@version 	int,
		@definition 	varbinary(max)
	)
	WITH EXECUTE AS 'dbo'
	AS
	BEGIN
		set nocount on
	
		declare @theId 			int
		declare @retval 		int
		declare @IsDbo 			int
		
		declare @UIDFound 		int
		declare @DiagId			int
		declare @ShouldChangeUID	int
	
		if(@diagramname is null)
		begin
			RAISERROR ('Invalid ARG', 16, 1)
			return -1
		end
	
		execute as caller;
		select @theId = DATABASE_PRINCIPAL_ID();	 
		select @IsDbo = IS_MEMBER(N'db_owner'); 
		if(@owner_id is null)
			select @owner_id = @theId;
		revert;
	
		select @ShouldChangeUID = 0
		select @DiagId = diagram_id, @UIDFound = principal_id from dbo.sysdiagrams where principal_id = @owner_id and name = @diagramname 
		
		if(@DiagId IS NULL or (@IsDbo = 0 and @theId <> @UIDFound))
		begin
			RAISERROR ('Diagram does not exist or you do not have permission.', 16, 1);
			return -3
		end
	
		if(@IsDbo <> 0)
		begin
			if(@UIDFound is null or USER_NAME(@UIDFound) is null) -- invalid principal_id
			begin
				select @ShouldChangeUID = 1 ;
			end
		end

		-- update dds data			
		update dbo.sysdiagrams set definition = @definition where diagram_id = @DiagId ;

		-- change owner
		if(@ShouldChangeUID = 1)
			update dbo.sysdiagrams set principal_id = @theId where diagram_id = @DiagId ;

		-- update dds version
		if(@version is not null)
			update dbo.sysdiagrams set version = @version where diagram_id = @DiagId ;

		return 0
	END
	//
DELIMITER ;

-- Copiando estrutura para procedure denuncia_segura.sp_creatediagram
DROP PROCEDURE IF EXISTS "sp_creatediagram";
DELIMITER //

	CREATE PROCEDURE dbo.sp_creatediagram
	(
		@diagramname 	sysname,
		@owner_id		int	= null, 	
		@version 		int,
		@definition 	varbinary(max)
	)
	WITH EXECUTE AS 'dbo'
	AS
	BEGIN
		set nocount on
	
		declare @theId int
		declare @retval int
		declare @IsDbo	int
		declare @userName sysname
		if(@version is null or @diagramname is null)
		begin
			RAISERROR (N'E_INVALIDARG', 16, 1);
			return -1
		end
	
		execute as caller;
		select @theId = DATABASE_PRINCIPAL_ID(); 
		select @IsDbo = IS_MEMBER(N'db_owner');
		revert; 
		
		if @owner_id is null
		begin
			select @owner_id = @theId;
		end
		else
		begin
			if @theId <> @owner_id
			begin
				if @IsDbo = 0
				begin
					RAISERROR (N'E_INVALIDARG', 16, 1);
					return -1
				end
				select @theId = @owner_id
			end
		end
		-- next 2 line only for test, will be removed after define name unique
		if EXISTS(select diagram_id from dbo.sysdiagrams where principal_id = @theId and name = @diagramname)
		begin
			RAISERROR ('The name is already used.', 16, 1);
			return -2
		end
	
		insert into dbo.sysdiagrams(name, principal_id , version, definition)
				VALUES(@diagramname, @theId, @version, @definition) ;
		
		select @retval = @@IDENTITY 
		return @retval
	END
	//
DELIMITER ;

-- Copiando estrutura para procedure denuncia_segura.sp_dropdiagram
DROP PROCEDURE IF EXISTS "sp_dropdiagram";
DELIMITER //

	CREATE PROCEDURE dbo.sp_dropdiagram
	(
		@diagramname 	sysname,
		@owner_id	int	= null
	)
	WITH EXECUTE AS 'dbo'
	AS
	BEGIN
		set nocount on
		declare @theId 			int
		declare @IsDbo 			int
		
		declare @UIDFound 		int
		declare @DiagId			int
	
		if(@diagramname is null)
		begin
			RAISERROR ('Invalid value', 16, 1);
			return -1
		end
	
		EXECUTE AS CALLER;
		select @theId = DATABASE_PRINCIPAL_ID();
		select @IsDbo = IS_MEMBER(N'db_owner'); 
		if(@owner_id is null)
			select @owner_id = @theId;
		REVERT; 
		
		select @DiagId = diagram_id, @UIDFound = principal_id from dbo.sysdiagrams where principal_id = @owner_id and name = @diagramname 
		if(@DiagId IS NULL or (@IsDbo = 0 and @UIDFound <> @theId))
		begin
			RAISERROR ('Diagram does not exist or you do not have permission.', 16, 1)
			return -3
		end
	
		delete from dbo.sysdiagrams where diagram_id = @DiagId;
	
		return 0;
	END
	//
DELIMITER ;

-- Copiando estrutura para procedure denuncia_segura.sp_helpdiagramdefinition
DROP PROCEDURE IF EXISTS "sp_helpdiagramdefinition";
DELIMITER //

	CREATE PROCEDURE dbo.sp_helpdiagramdefinition
	(
		@diagramname 	sysname,
		@owner_id	int	= null 		
	)
	WITH EXECUTE AS N'dbo'
	AS
	BEGIN
		set nocount on

		declare @theId 		int
		declare @IsDbo 		int
		declare @DiagId		int
		declare @UIDFound	int
	
		if(@diagramname is null)
		begin
			RAISERROR (N'E_INVALIDARG', 16, 1);
			return -1
		end
	
		execute as caller;
		select @theId = DATABASE_PRINCIPAL_ID();
		select @IsDbo = IS_MEMBER(N'db_owner');
		if(@owner_id is null)
			select @owner_id = @theId;
		revert; 
	
		select @DiagId = diagram_id, @UIDFound = principal_id from dbo.sysdiagrams where principal_id = @owner_id and name = @diagramname;
		if(@DiagId IS NULL or (@IsDbo = 0 and @UIDFound <> @theId ))
		begin
			RAISERROR ('Diagram does not exist or you do not have permission.', 16, 1);
			return -3
		end

		select version, definition FROM dbo.sysdiagrams where diagram_id = @DiagId ; 
		return 0
	END
	//
DELIMITER ;

-- Copiando estrutura para procedure denuncia_segura.sp_helpdiagrams
DROP PROCEDURE IF EXISTS "sp_helpdiagrams";
DELIMITER //

	CREATE PROCEDURE dbo.sp_helpdiagrams
	(
		@diagramname sysname = NULL,
		@owner_id int = NULL
	)
	WITH EXECUTE AS N'dbo'
	AS
	BEGIN
		DECLARE @user sysname
		DECLARE @dboLogin bit
		EXECUTE AS CALLER;
			SET @user = USER_NAME();
			SET @dboLogin = CONVERT(bit,IS_MEMBER('db_owner'));
		REVERT;
		SELECT
			[Database] = DB_NAME(),
			[Name] = name,
			[ID] = diagram_id,
			[Owner] = USER_NAME(principal_id),
			[OwnerID] = principal_id
		FROM
			sysdiagrams
		WHERE
			(@dboLogin = 1 OR USER_NAME(principal_id) = @user) AND
			(@diagramname IS NULL OR name = @diagramname) AND
			(@owner_id IS NULL OR principal_id = @owner_id)
		ORDER BY
			4, 5, 1
	END
	//
DELIMITER ;

-- Copiando estrutura para procedure denuncia_segura.sp_renamediagram
DROP PROCEDURE IF EXISTS "sp_renamediagram";
DELIMITER //

	CREATE PROCEDURE dbo.sp_renamediagram
	(
		@diagramname 		sysname,
		@owner_id		int	= null,
		@new_diagramname	sysname
	
	)
	WITH EXECUTE AS 'dbo'
	AS
	BEGIN
		set nocount on
		declare @theId 			int
		declare @IsDbo 			int
		
		declare @UIDFound 		int
		declare @DiagId			int
		declare @DiagIdTarg		int
		declare @u_name			sysname
		if((@diagramname is null) or (@new_diagramname is null))
		begin
			RAISERROR ('Invalid value', 16, 1);
			return -1
		end
	
		EXECUTE AS CALLER;
		select @theId = DATABASE_PRINCIPAL_ID();
		select @IsDbo = IS_MEMBER(N'db_owner'); 
		if(@owner_id is null)
			select @owner_id = @theId;
		REVERT;
	
		select @u_name = USER_NAME(@owner_id)
	
		select @DiagId = diagram_id, @UIDFound = principal_id from dbo.sysdiagrams where principal_id = @owner_id and name = @diagramname 
		if(@DiagId IS NULL or (@IsDbo = 0 and @UIDFound <> @theId))
		begin
			RAISERROR ('Diagram does not exist or you do not have permission.', 16, 1)
			return -3
		end
	
		-- if((@u_name is not null) and (@new_diagramname = @diagramname))	-- nothing will change
		--	return 0;
	
		if(@u_name is null)
			select @DiagIdTarg = diagram_id from dbo.sysdiagrams where principal_id = @theId and name = @new_diagramname
		else
			select @DiagIdTarg = diagram_id from dbo.sysdiagrams where principal_id = @owner_id and name = @new_diagramname
	
		if((@DiagIdTarg is not null) and  @DiagId <> @DiagIdTarg)
		begin
			RAISERROR ('The name is already used.', 16, 1);
			return -2
		end		
	
		if(@u_name is null)
			update dbo.sysdiagrams set [name] = @new_diagramname, principal_id = @theId where diagram_id = @DiagId
		else
			update dbo.sysdiagrams set [name] = @new_diagramname where diagram_id = @DiagId
		return 0
	END
	//
DELIMITER ;

-- Copiando estrutura para procedure denuncia_segura.sp_upgraddiagrams
DROP PROCEDURE IF EXISTS "sp_upgraddiagrams";
DELIMITER //

	CREATE PROCEDURE dbo.sp_upgraddiagrams
	AS
	BEGIN
		IF OBJECT_ID(N'dbo.sysdiagrams') IS NOT NULL
			return 0;
	
		CREATE TABLE dbo.sysdiagrams
		(
			name sysname NOT NULL,
			principal_id int NOT NULL,	-- we may change it to varbinary(85)
			diagram_id int PRIMARY KEY IDENTITY,
			version int,
	
			definition varbinary(max)
			CONSTRAINT UK_principal_name UNIQUE
			(
				principal_id,
				name
			)
		);


		/* Add this if we need to have some form of extended properties for diagrams */
		/*
		IF OBJECT_ID(N'dbo.sysdiagram_properties') IS NULL
		BEGIN
			CREATE TABLE dbo.sysdiagram_properties
			(
				diagram_id int,
				name sysname,
				value varbinary(max) NOT NULL
			)
		END
		*/

		IF OBJECT_ID(N'dbo.dtproperties') IS NOT NULL
		begin
			insert into dbo.sysdiagrams
			(
				[name],
				[principal_id],
				[version],
				[definition]
			)
			select	 
				convert(sysname, dgnm.[uvalue]),
				DATABASE_PRINCIPAL_ID(N'dbo'),			-- will change to the sid of sa
				0,							-- zero for old format, dgdef.[version],
				dgdef.[lvalue]
			from dbo.[dtproperties] dgnm
				inner join dbo.[dtproperties] dggd on dggd.[property] = 'DtgSchemaGUID' and dggd.[objectid] = dgnm.[objectid]	
				inner join dbo.[dtproperties] dgdef on dgdef.[property] = 'DtgSchemaDATA' and dgdef.[objectid] = dgnm.[objectid]
				
			where dgnm.[property] = 'DtgSchemaNAME' and dggd.[uvalue] like N'_EA3E6268-D998-11CE-9454-00AA00A3F36E_' 
			return 2;
		end
		return 1;
	END
	//
DELIMITER ;

-- Copiando estrutura para tabela denuncia_segura.sysdiagrams
DROP TABLE IF EXISTS "sysdiagrams";
CREATE TABLE IF NOT EXISTS "sysdiagrams" (
	"name" NVARCHAR(128) NOT NULL COLLATE 'SQL_Latin1_General_CP1_CI_AS',
	"principal_id" INT NOT NULL,
	"diagram_id" INT NOT NULL,
	"version" INT NULL DEFAULT NULL,
	"definition" VARBINARY NULL DEFAULT NULL,
	PRIMARY KEY ("diagram_id"),
	UNIQUE INDEX "UK_principal_name" ("name", "principal_id")
);

-- Copiando dados para a tabela denuncia_segura.sysdiagrams: -1 rows
DELETE FROM "sysdiagrams";
/*!40000 ALTER TABLE "sysdiagrams" DISABLE KEYS */;
INSERT INTO "sysdiagrams" ("name", "principal_id", "diagram_id", "version", "definition") VALUES
	('Diagrama_BD_Denuncia_Segura', 1, 1, 1, _binary 0xd0cf11e0a1b11ae1000000000000000000000000000000003e000300feff0900060000000000000000000000010000000100000000000000001000002d00000001000000feffffff0000000000000000fffffffffffffffffffffffffffffffffffffffffffffffffffffffffffffffffffffffffffffffffffffffffffffffffffffffffffffffffffffffffffffffffffffffffffffffffffffffffffffffffffffffffffffffffffffffffffffffffffffffffffffffffffffffffffffffffffffffffffffffffffffffffffffffffffffffffffffffffffffffffffffffffffffffffffffffffffffffffffffffffffffffffffffffffffffffffffffffffffffffffffffffffffffffffffffffffffffffffffffffffffffffffffffffffffffffffffffffffffffffffffffffffffffffffffffffffffffffffffffffffffffffffffffffffffffffffffffffffffffffffffffffffffffffffffffffffffffffffffffffffffffffffffffffffffffffffffffffffffffffffffffffffffffffffffffffffffffffffffffffffffffffffffffffffffffffffffffffffffffffffffffffffffffffffffffffffffffffffffffffffffffffffffffffffffffffffffffffffffffffffffffffffffffffffffffffffffffffffffffffffffffffffffffffffffffffffffffffffffffffffffffffffffffffffffffffffdffffff30000000030000000400000005000000060000000700000008000000090000000a0000000b0000000c0000000d0000000e0000000f000000100000001100000012000000130000001400000015000000160000001700000018000000190000001a0000001b0000001c0000001d0000001e0000001f000000200000002100000022000000230000002400000025000000260000002700000028000000290000002a0000002b0000002c000000fefffffffeffffff2f000000fefffffffeffffffffffffffffffffffffffffffffffffffffffffffffffffffffffffffffffffffffffffffffffffffffffffffffffffffffffffffffffffffffffffffffffffffffffffffffffffffffffffffffffffffffffffffffffffffffffffffffffffffffffffffffffffffffffffffffffffffffffffffffffffffffffffffffffffffffffffffffffffffffffffffffffffffffffffffffffffffffffffffffffffffffffffffffffffffffffffffffffffffffffffffffffffffffffffffffffffffffffffffffffffffffffffffffffffffffffffffffffffffffffffffffffffffffffffffffffffffffffffffffffffffffffffffffffffffffffffffffffffffffffffffffffffffffffffffffffffffffffffffffffffffffffffffffffffffffffffffffffffffffffffffffffffffffffffffffffffffffffffff52006f006f007400200045006e00740072007900000000000000000000000000000000000000000000000000000000000000000000000000000000000000000016000500ffffffffffffffff0200000000000000000000000000000000000000000000000000000000000000501df04a12d5dc012e000000c00300000000000044006400730058004d004c00530074007200650061006d00000000000000000000000000000000000000000000000000000000000000000000000000000000001a000201ffffffffffffffffffffffff00000000000000000000000000000000000000000000000000000000000000000000000002000000095400000000000053006300680065006d00610020005500440056002000440065006600610075006c00740000000000000000000000000000000000000000000000000000000000260002010100000003000000ffffffff000000000000000000000000000000000000000000000000000000000000000000000000000000001600000000000000440053005200450046002d0053004300480045004d0041002d0043004f004e00540045004e0054005300000000000000000000000000000000000000000000002c000201ffffffff04000000ffffffff000000000000000000000000000000000000000000000000000000000000000000000000010000002c030000000000003c6464733e3c6469616772616d20666f6e74636c7369643d227b37374432433932442d373737392d313144382d393037302d3030303635423834304439437d22206d6f75736569636f6e636c7369643d227b30424533353230342d384639312d313143452d394445332d3030414130303442423835317d222064656661756c746c61796f75743d224d534444532e52656374696c696e656172222064656661756c746c696e65726f7574653d224d534444532e52656374696c696e656172222076657273696f6e3d223722206e6578746f626a6563743d22323222207363616c653d22313030222070616765627265616b616e63686f72783d2230222070616765627265616b616e63686f72793d2230222070616765627265616b73697a65783d2230222070616765627265616b73697a65793d223022207363726f6c6c6c6566743d222d333837373222207363726f6c6c746f703d222d3331393331222067726964783d22313530222067726964793d2231353022206d617267696e783d223530303022206d617267696e793d223530303022207a6f6f6d3d223130302220783d2233383034372220793d22323331353122206261636b636f6c6f723d222d32313437343833363433222064656661756c7470657273697374656e63653d223322205072696e74506167654e756d626572734d6f64653d223322205072696e744d617267696e546f703d223022205072696e744d617267696e426f74746f6d3d2236333522205072696e744d617267696e4c6566743d223022205072696e744d617267696e52696768743d223022206d61727175656573656c656374696f6e6d6f64653d223122206d6f757365706f696e7465723d22302220736e6170746f677269643d223122206175746f74797065616e6e6f746174696f6e3d2231222073686f777363726f6c6c626172733d223122207669657770616765627265616b733d22302220646f6e6f74666f726365636f6e6e6563746f7273626568696e647368617065733d2231223e3c666f6e743e3c646473786d6c6f626a65637473747265616d777261707065722062696e6172793d22303030303038303033303030303030303030303230303030222f3e3c2f666f6e743e3c6d6f75736569636f6e3e3c646473786d6c6f626a65637473747265616d777261707065722062696e6172793d2236633734303030303030303030303030222f3e3c2f6d6f75736569636f6e3e3c2f6469616772616d3e3c6c61796f75746d616e616765723e3c646473786d6c6f626a3e3c70726f7065727479206e616d653d227363685f6c6162656c735f76697369626c65222076616c75653d22302220766172747970653d223131222f3e3c2f646473786d6c6f626a3e3c2f6c61796f75746d616e616765723e3c646473636f6e74726f6c20636f6e74726f6c70726f6769643d227b36323341433037352d324337372d343837332d383833442d3933304234333634423442437d2220746f6f6c7469703d226f636f7272656e6369617322206c6566743d222d33353430302220746f703d222d313734303022206c6f676963616c69643d22312220636f6e74726f6c69643d223122206d617374657269643d2230222068696e74313d2230222068696e74323d2230222077696474683d22313733383322206865696768743d223738333222206e6f726573697a653d223022206e6f6d6f76653d223022206e6f64656661756c74617474616368706f696e74733d223022206175746f647261673d2230222075736564656661756c7469646473686170653d2230222073656c65637461626c653d2231222073686f7773656c656374696f6e68616e646c65733d22302220616c6c6f776e756467696e673d223122206973616e6e6f746174696f6e3d22302220646f6e746175746f6c61796f75743d2230222067726f7570636f6c6c61707365643d2230222074616273746f703d2231222076697369626c653d22312220736e6170746f677269643d2231223e3c636f6e74726f6c3e3c646473786d6c6f626a65637473747265616d696e6974777261707065722062696e6172793d2232313433333431323038303030303030653734333030303039383165303030303738353633343132303730303030303031343031303030303666303036333030366630303732303037323030363530303665303036333030363930303631303037333030303030303030303030303030303030303030303030303030303030303030303030303030303030303030303030303030303030303030303030303030303030303030303030303030303030303030303030303030303030303030303030303030303030303030303030303030303030303030303030303030303030303030303030303030303030303030303030303030303030303030303030303030303030303030303030303030303030303030303030303030303030303030303030303030303030303030303030303030303030303030303030303030303030303030303030303030303030303030303030303030303030303030303030303030303030303030303030303030303030303030303030303030303030303030303030303030303030303030303030303030303030303030303030303030303030303030303030303030303030303030303030303030303030303030303030303030303030303030303030303030303030303030303030303030303030303030303030303030303030303030303030303030303030303030303030303030303030303030303030303030303030303030303030303030303030303030303030303030303030303030303030303030303030303035303030303030353430303030303032633030303030303263303030303030326330303030303033343030303030303030303030303030303030303030303065373433303030303938316530303030303030303030303032643031303030303064303030303030306330303030303030373030303030303163303130303030303630393030303036323037303030303438303330303030316130343030303064663032303030306563303430303030323730363030303062313033303030303237303630303030636230373030303035353035303030303030303030303030303130303030303033393133303030303334303330303030303030303030303030303030303030303030303030303030303230303030303030323030303030303163303130303030303630393030303030303030303030303031303030303030333931333030303033343033303030303030303030303030303030303030303030303030303030303032303030303030303230303030303031633031303030303036303930303030303130303030303030303030303030303339313330303030333430333030303030303030303030303030303030303030303030303030303030323030303030303032303030303030316330313030303030363039303030303030303030303030303030303030303064313331303030303039323330303030303030303030303030303030303030303064303030303030303430303030303030343030303030303163303130303030303630393030303061613061303030303930303630303030373835363334313230343030303030303630303030303030303130303030303030313030303030303062303030303030303030303030303030313030303030303032303030303030303330303030303030343030303030303035303030303030303630303030303030373030303030303038303030303030303930303030303030613030303030303034303030303030363430303632303036663030303030303063303030303030366630303633303036663030373230303732303036353030366530303633303036393030363130303733303030303030222f3e3c2f636f6e74726f6c3e3c6c61796f75746f626a6563743e3c646473786d6c6f626a3e3c70726f7065727479206e616d653d224163746976655461626c65566965774d6f6465222076616c75653d22302220766172747970653d2238222f3e3c70726f7065727479206e616d653d225461626c65566965774d6f64653a30222076616c75653d22342c302c3238342c302c323331302c312c313839302c352c313236302220766172747970653d2238222f3e3c70726f7065727479206e616d653d225461626c65566965774d6f64653a31222076616c75653d22322c302c3238342c302c323331302220766172747970653d2238222f3e3c70726f7065727479206e616d653d225461626c65566965774d6f64653a32222076616c75653d22322c302c3238342c302c323331302220766172747970653d2238222f3e3c70726f7065727479206e616d653d225461626c65566965774d6f64653a33222076616c75653d22322c302c3238342c302c323331302220766172747970653d2238222f3e3c70726f7065727479206e616d653d225461626c65566965774d6f64653a34222076616c75653d22342c302c3238342c302c323331302c31322c323733302c31312c313638302220766172747970653d2238222f3e3c2f646473786d6c6f626a3e3c2f6c61796f75746f626a6563743e3c73686170652067726f7570736861706569643d2230222067726f75706e6f64653d2230222f3e3c2f646473636f6e74726f6c3e3c646473636f6e74726f6c20636f6e74726f6c70726f6769643d227b36323341433037352d324337372d343837332d383833442d3933304234333634423442437d2220746f6f6c7469703d226c697374615f76616c6f72657322206c6566743d222d33353430302220746f703d222d323935353022206c6f676963616c69643d22322220636f6e74726f6c69643d223222206d617374657269643d2230222068696e74313d2230222068696e74323d2230222077696474683d22313035333022206865696768743d223839363922206e6f726573697a653d223022206e6f6d6f76653d223022206e6f64656661756c74617474616368706f696e74733d223022206175746f647261673d2230222075736564656661756c7469646473686170653d2230222073656c65637461626c653d2231222073686f7773656c656374696f6e68616e646c65733d22302220616c6c6f776e756467696e673d223122206973616e6e6f746174696f6e3d22302220646f6e746175746f6c61796f75743d2230222067726f7570636f6c6c61707365643d2230222074616273746f703d2231222076697369626c653d22312220736e6170746f677269643d2231223e3c636f6e74726f6c3e3c646473786d6c6f626a65637473747265616d696e6974777261707065722062696e6172793d22323134333334313230383030303030303232323930303030303932333030303037383536333431323037303030303030313430313030303036633030363930303733303037343030363130303566303037363030363130303663303036663030373230303635303037333030303030303030303030303030303030303030303030303030303030303030303030303030303030303030303030303030303030303030303030303030303030303030303030303030303030303030303030303030303030303030303030303030303030303030303030303030303030303030303030303030303030303030303030303030303030303030303030303030303030303030303030303030303030303030303030303030303030303030303030303030303030303030303030303030303030303030303030303030303030303030303030303030303030303030303030303030303030303030303030303030303030303030303030303030303030303030303030303030303030303030303030303030303030303030303030303030303030303030303030303030303030303030303030303030303030303030303030303030303030303030303030303030303030303030303030303030303030303030303030303030303030303030303030303030303030303030303030303030303030303030303030303030303030303030303030303030303030303030303030303030303030303030303030303030303030303030303030303030303030303030303030353030303030303534303030303030326330303030303032633030303030303263303030303030333430303030303030303030303030303030303030303030323232393030303030393233303030303030303030303030326430313030303030643030303030303063303030303030303730303030303031633031303030303036303930303030363230373030303034383033303030303161303430303030646630323030303065633034303030303237303630303030623130333030303032373036303030306362303730303030353530353030303030303030303030303031303030303030333931333030303033343033303030303030303030303030303030303030303030303030303030303032303030303030303230303030303031633031303030303036303930303030303030303030303030313030303030303339313330303030333430333030303030303030303030303030303030303030303030303030303030323030303030303032303030303030316330313030303030363039303030303031303030303030303030303030303033393133303030303334303330303030303030303030303030303030303030303030303030303030303230303030303030323030303030303163303130303030303630393030303030303030303030303030303030303030643133313030303030393233303030303030303030303030303030303030303030643030303030303034303030303030303430303030303031633031303030303036303930303030616130613030303039303036303030303738353633343132303430303030303036343030303030303031303030303030303130303030303030623030303030303030303030303030303130303030303030323030303030303033303030303030303430303030303030353030303030303036303030303030303730303030303030383030303030303039303030303030306130303030303030343030303030303634303036323030366630303030303030653030303030303663303036393030373330303734303036313030356630303736303036313030366330303666303037323030363530303733303030303030222f3e3c2f636f6e74726f6c3e3c6c61796f75746f626a6563743e3c646473786d6c6f626a3e3c70726f7065727479206e616d653d224163746976655461626c65566965774d6f6465222076616c75653d22302220766172747970653d2238222f3e3c70726f7065727479206e616d653d225461626c65566965774d6f64653a30222076616c75653d22342c302c3238342c302c323331302c312c313839302c352c313236302220766172747970653d2238222f3e3c70726f7065727479206e616d653d225461626c65566965774d6f64653a31222076616c75653d22322c302c3238342c302c323331302220766172747970653d2238222f3e3c70726f7065727479206e616d653d225461626c65566965774d6f64653a32222076616c75653d22322c302c3238342c302c323331302220766172747970653d2238222f3e3c70726f7065727479206e616d653d225461626c65566965774d6f64653a33222076616c75653d22322c302c3238342c302c323331302220766172747970653d2238222f3e3c70726f7065727479206e616d653d225461626c65566965774d6f64653a34222076616c75653d22342c302c3238342c302c323331302c31322c323733302c31312c313638302220766172747970653d2238222f3e3c2f646473786d6c6f626a3e3c2f6c61796f75746f626a6563743e3c73686170652067726f7570736861706569643d2230222067726f75706e6f64653d2230222f3e3c2f646473636f6e74726f6c3e3c646473636f6e74726f6c20636f6e74726f6c70726f6769643d227b36323341433037352d324337372d343837332d383833442d3933304234333634423442437d2220746f6f6c7469703d2263616d706f735f6c6973746122206c6566743d222d31373730302220746f703d222d323832303022206c6f676963616c69643d22332220636f6e74726f6c69643d223322206d617374657269643d2230222068696e74313d2230222068696e74323d2230222077696474683d22313035333022206865696768743d223839363922206e6f726573697a653d223022206e6f6d6f76653d223022206e6f64656661756c74617474616368706f696e74733d223022206175746f647261673d2230222075736564656661756c7469646473686170653d2230222073656c65637461626c653d2231222073686f7773656c656374696f6e68616e646c65733d22302220616c6c6f776e756467696e673d223122206973616e6e6f746174696f6e3d22302220646f6e746175746f6c61796f75743d2230222067726f7570636f6c6c61707365643d2230222074616273746f703d2231222076697369626c653d22312220736e6170746f677269643d2231223e3c636f6e74726f6c3e3c646473786d6c6f626a65637473747265616d696e6974777261707065722062696e6172793d223231343333343132303830303030303032323239303030303039323330303030373835363334313230373030303030303134303130303030363330303631303036643030373030303666303037333030356630303663303036393030373330303734303036313030303030303030303030303030303030303030303030303030303030303030303030303030303030303030303030303030303030303030303030303030303030303030303030303030303030303030303030303030303030303030303030303030303030303030303030303030303030303030303030303030303030303030303030303030303030303030303030303030303030303030303030303030303030303030303030303030303030303030303030303030303030303030303030303030303030303030303030303030303030303030303030303030303030303030303030303030303030303030303030303030303030303030303030303030303030303030303030303030303030303030303030303030303030303030303030303030303030303030303030303030303030303030303030303030303030303030303030303030303030303030303030303030303030303030303030303030303030303030303030303030303030303030303030303030303030303030303030303030303030303030303030303030303030303030303030303030303030303030303030303030303030303030303030303030303030303030303030303030303030303030303030303030303530303030303035343030303030303263303030303030326330303030303032633030303030303334303030303030303030303030303030303030303030303232323930303030303932333030303030303030303030303264303130303030306430303030303030633030303030303037303030303030316330313030303030363039303030303632303730303030343830333030303031613034303030306466303230303030656330343030303032373036303030306231303330303030323730363030303063623037303030303535303530303030303030303030303030313030303030303339313330303030333430333030303030303030303030303030303030303030303030303030303030323030303030303032303030303030316330313030303030363039303030303030303030303030303130303030303033393133303030303334303330303030303030303030303030303030303030303030303030303030303230303030303030323030303030303163303130303030303630393030303030313030303030303030303030303030333931333030303033343033303030303030303030303030303030303030303030303030303030303032303030303030303230303030303031633031303030303036303930303030303030303030303030303030303030306431333130303030303932333030303030303030303030303030303030303030306430303030303030343030303030303034303030303030316330313030303030363039303030306161306130303030393030363030303037383536333431323034303030303030363230303030303030313030303030303031303030303030306230303030303030303030303030303031303030303030303230303030303030333030303030303034303030303030303530303030303030363030303030303037303030303030303830303030303030393030303030303061303030303030303430303030303036343030363230303666303030303030306430303030303036333030363130303664303037303030366630303733303035663030366330303639303037333030373430303631303030303030222f3e3c2f636f6e74726f6c3e3c6c61796f75746f626a6563743e3c646473786d6c6f626a3e3c70726f7065727479206e616d653d224163746976655461626c65566965774d6f6465222076616c75653d22302220766172747970653d2238222f3e3c70726f7065727479206e616d653d225461626c65566965774d6f64653a30222076616c75653d22342c302c3238342c302c323331302c312c313839302c352c313236302220766172747970653d2238222f3e3c70726f7065727479206e616d653d225461626c65566965774d6f64653a31222076616c75653d22322c302c3238342c302c323331302220766172747970653d2238222f3e3c70726f7065727479206e616d653d225461626c65566965774d6f64653a32222076616c75653d22322c302c3238342c302c323331302220766172747970653d2238222f3e3c70726f7065727479206e616d653d225461626c65566965774d6f64653a33222076616c75653d22322c302c3238342c302c323331302220766172747970653d2238222f3e3c70726f7065727479206e616d653d225461626c65566965774d6f64653a34222076616c75653d22342c302c3238342c302c323331302c31322c323733302c31312c313638302220766172747970653d2238222f3e3c2f646473786d6c6f626a3e3c2f6c61796f75746f626a6563743e3c73686170652067726f7570736861706569643d2230222067726f75706e6f64653d2230222f3e3c2f646473636f6e74726f6c3e3c646473636f6e74726f6c2073656d616e746963636f6f6b69653d2230313030303030303031303030303030363430303632303036663030303030303436303034623030356630303663303036393030373330303734303036313030356630303736303036313030366330303666303037323030363530303733303035663030363330303631303036643030373030303666303037333030356630303663303036393030373330303734303036313030303030302220636f6e74726f6c70726f6769643d224d534444532e506f6c796c696e652e3038302e312220746f6f6c7469703d2252656c61c3a7c3a36f2027464b5f6c697374615f76616c6f7265735f63616d706f735f6c697374612720656e747265202763616d706f735f6c6973746127206520276c697374615f76616c6f7265732722206c6566743d222d32353137302220746f703d222d323338303722206c6f676963616c69643d22392220636f6e74726f6c69643d223922206d617374657269643d2230222068696e74313d2230222068696e74323d2230222077696474683d223737373022206865696768743d2238313522206e6f726573697a653d223022206e6f6d6f76653d223022206e6f64656661756c74617474616368706f696e74733d223122206175746f647261673d2230222075736564656661756c7469646473686170653d2230222073656c65637461626c653d2231222073686f7773656c656374696f6e68616e646c65733d22302220616c6c6f776e756467696e673d223122206973616e6e6f746174696f6e3d22302220646f6e746175746f6c61796f75743d2230222067726f7570636f6c6c61707365643d2230222074616273746f703d2231222076697369626c653d22312220736e6170746f677269643d2230223e3c636f6e74726f6c3e3c646473786d6c6f626a3e3c706f6c796c696e6520656e64747970656473743d22302220656e64747970657372633d2232222075736572636f6c6f723d22313537393033323022206c696e657374796c653d223022206c696e6572656e6465723d22302220637573746f6d656e647479706564737469643d22302220637573746f6d656e647479706573726369643d2230222061646f726e7376697369626c653d2231223e3c61646f726e6d656e742070657263656e74706f733d2235302220636f6e74726f6c69643d223130222077696474683d223431383122206865696768743d223334342220736964653d223022206265686176696f723d2233222068696d65747269633d223335383522206469737466726f6d6c696e653d22313735222073746172746f626a3d22302220783d222d32333337352220793d222d3233393139222076697369626c653d22302220616c6c6f776f7665726c61703d2231222075736570657263656e743d2231222f3e3c2f706f6c796c696e653e3c2f646473786d6c6f626a3e3c2f636f6e74726f6c3e3c6c61796f75746f626a6563743e3c646473786d6c6f626a2f3e3c2f6c61796f75746f626a6563743e3c636f6e6e6563746f7220736f7572636569643d223322206465737469643d22322220736f75726365617474616368706f696e743d22323030222064657374617474616368706f696e743d2232313922207365676d656e74656469746d6f64653d2230222062656e64706f696e74656469746d6f64653d2230222062656e64706f696e747669736962696c6974793d2230222072656c6174656469643d223022207669727475616c3d2230223e3c706f696e7420783d222d31373730302220793d222d3233343030222f3e3c706f696e7420783d222d32343837302220793d222d3233343030222f3e3c2f636f6e6e6563746f723e3c2f646473636f6e74726f6c3e3c646473636f6e74726f6c2073656d616e746963636f6f6b69653d2230313830356338653334303230303030303039653736383433343032303030302220636f6e74726f6c70726f6769643d224d534444532e546578742e3038302e3122206c6566743d222d32333337352220746f703d222d323339313922206c6f676963616c69643d2231302220636f6e74726f6c69643d22313022206d617374657269643d2239222068696e74313d2230222068696e74323d2230222077696474683d223431383122206865696768743d2233343422206e6f726573697a653d223122206e6f6d6f76653d223022206e6f64656661756c74617474616368706f696e74733d223122206175746f647261673d2231222075736564656661756c7469646473686170653d2231222073656c65637461626c653d2231222073686f7773656c656374696f6e68616e646c65733d22312220616c6c6f776e756467696e673d223122206973616e6e6f746174696f6e3d22302220646f6e746175746f6c61796f75743d2231222067726f7570636f6c6c61707365643d2230222074616273746f703d2230222076697369626c653d22302220736e6170746f677269643d2230223e3c636f6e74726f6c3e3c646473786d6c6f626a65637473747265616d696e6974777261707065722062696e6172793d2230303032303030303535313030303030353830313030303030333030303030303030303030353030303038303038303030303830303130303030303031353030303130303030303039303031343434323031303030363534363136383666366436313164303034363030346230303566303036633030363930303733303037343030363130303566303037363030363130303663303036663030373230303635303037333030356630303633303036313030366430303730303036663030373330303566303036633030363930303733303037343030363130303030303030303030222f3e3c2f636f6e74726f6c3e3c6c61796f75746f626a6563743e3c646473786d6c6f626a2f3e3c2f6c61796f75746f626a6563743e3c73686170652067726f7570736861706569643d2230222067726f75706e6f64653d2230222f3e3c2f646473636f6e74726f6c3e3c646473636f6e74726f6c2073656d616e746963636f6f6b69653d22303130303335303030313030303030303634303036323030366630303030303034363030346230303566303036663030363330303666303037323030373230303635303036653030363330303639303036313030373330303566303036633030363930303733303037343030363130303566303037363030363130303663303036663030373230303635303037333030303030302220636f6e74726f6c70726f6769643d224d534444532e506f6c796c696e652e3038302e312220746f6f6c7469703d2252656c61c3a7c3a36f2027464b5f6f636f7272656e636961735f6c697374615f76616c6f7265732720656e74726520276c697374615f76616c6f72657327206520276f636f7272656e636961732722206c6566743d222d32383435372220746f703d222d323132373622206c6f676963616c69643d2231322220636f6e74726f6c69643d22313222206d617374657269643d2230222068696e74313d2230222068696e74323d2230222077696474683d2238313522206865696768743d223435373622206e6f726573697a653d223022206e6f6d6f76653d223022206e6f64656661756c74617474616368706f696e74733d223122206175746f647261673d2230222075736564656661756c7469646473686170653d2230222073656c65637461626c653d2231222073686f7773656c656374696f6e68616e646c65733d22302220616c6c6f776e756467696e673d223122206973616e6e6f746174696f6e3d22302220646f6e746175746f6c61796f75743d2230222067726f7570636f6c6c61707365643d2230222074616273746f703d2231222076697369626c653d22312220736e6170746f677269643d2230223e3c636f6e74726f6c3e3c646473786d6c6f626a3e3c706f6c796c696e6520656e64747970656473743d22302220656e64747970657372633d2232222075736572636f6c6f723d22313537393033323022206c696e657374796c653d223022206c696e6572656e6465723d22302220637573746f6d656e647479706564737469643d22302220637573746f6d656e647479706573726369643d2230222061646f726e7376697369626c653d2231223e3c61646f726e6d656e742070657263656e74706f733d2234392e393730323938323036303131362220636f6e74726f6c69643d223133222077696474683d223430303922206865696768743d223334342220736964653d223022206265686176696f723d2233222068696d65747269633d223135383922206469737466726f6d6c696e653d22313735222073746172746f626a3d22302220783d222d33323233342220793d222d3139313633222076697369626c653d22302220616c6c6f776f7665726c61703d2231222075736570657263656e743d2231222f3e3c2f706f6c796c696e653e3c2f646473786d6c6f626a3e3c2f636f6e74726f6c3e3c6c61796f75746f626a6563743e3c646473786d6c6f626a2f3e3c2f6c61796f75746f626a6563743e3c636f6e6e6563746f7220736f7572636569643d223222206465737469643d22312220736f75726365617474616368706f696e743d223937222064657374617474616368706f696e743d22393622207365676d656e74656469746d6f64653d2230222062656e64706f696e74656469746d6f64653d2230222062656e64706f696e747669736962696c6974793d2230222072656c6174656469643d223022207669727475616c3d2230223e3c706f696e7420783d222d32383035302220793d222d3230353831222f3e3c706f696e7420783d222d32383035302220793d222d3137343030222f3e3c2f636f6e6e6563746f723e3c2f646473636f6e74726f6c3e3c646473636f6e74726f6c2073656d616e746963636f6f6b69653d2230313739356338653334303230303030653035656366396233343032303030302220636f6e74726f6c70726f6769643d224d534444532e546578742e3038302e3122206c6566743d222d33323233342220746f703d222d313931363322206c6f676963616c69643d2231332220636f6e74726f6c69643d22313322206d617374657269643d223132222068696e74313d2230222068696e74323d2230222077696474683d223430303922206865696768743d2233343422206e6f726573697a653d223122206e6f6d6f76653d223022206e6f64656661756c74617474616368706f696e74733d223122206175746f647261673d2231222075736564656661756c7469646473686170653d2231222073656c65637461626c653d2231222073686f7773656c656374696f6e68616e646c65733d22312220616c6c6f776e756467696e673d223122206973616e6e6f746174696f6e3d22302220646f6e746175746f6c61796f75743d2231222067726f7570636f6c6c61707365643d2230222074616273746f703d2230222076697369626c653d22302220736e6170746f677269643d2230223e3c636f6e74726f6c3e3c646473786d6c6f626a65637473747265616d696e6974777261707065722062696e6172793d22303030323030303061393066303030303538303130303030303330303030303030303030303530303030383030383030303038303031303030303030313530303031303030303030393030313434343230313030303635343631363836663664363131633030343630303462303035663030366630303633303036663030373230303732303036353030366530303633303036393030363130303733303035663030366330303639303037333030373430303631303035663030373630303631303036633030366630303732303036353030373330303030303030303030222f3e3c2f636f6e74726f6c3e3c6c61796f75746f626a6563743e3c646473786d6c6f626a2f3e3c2f6c61796f75746f626a6563743e3c73686170652067726f7570736861706569643d2230222067726f75706e6f64653d2230222f3e3c2f646473636f6e74726f6c3e3c646473636f6e74726f6c2073656d616e746963636f6f6b69653d2230313431666638353031303030303030363430303632303036663030303030303436303034623030356630303666303036333030366630303732303037323030363530303665303036333030363930303631303037333030356630303663303036393030373330303734303036313030356630303736303036313030366330303666303037323030363530303733303033313030303030302220636f6e74726f6c70726f6769643d224d534444532e506f6c796c696e652e3038302e312220746f6f6c7469703d2252656c61c3a7c3a36f2027464b5f6f636f7272656e636961735f6c697374615f76616c6f726573312720656e74726520276c697374615f76616c6f72657327206520276f636f7272656e636961732722206c6566743d222d33333835372220746f703d222d323132373622206c6f676963616c69643d2231342220636f6e74726f6c69643d22313422206d617374657269643d2230222068696e74313d2230222068696e74323d2230222077696474683d2238313522206865696768743d223435373622206e6f726573697a653d223022206e6f6d6f76653d223022206e6f64656661756c74617474616368706f696e74733d223122206175746f647261673d2230222075736564656661756c7469646473686170653d2230222073656c65637461626c653d2231222073686f7773656c656374696f6e68616e646c65733d22302220616c6c6f776e756467696e673d223122206973616e6e6f746174696f6e3d22302220646f6e746175746f6c61796f75743d2230222067726f7570636f6c6c61707365643d2230222074616273746f703d2231222076697369626c653d22312220736e6170746f677269643d2230223e3c636f6e74726f6c3e3c646473786d6c6f626a3e3c706f6c796c696e6520656e64747970656473743d22302220656e64747970657372633d2232222075736572636f6c6f723d22313537393033323022206c696e657374796c653d223022206c696e6572656e6465723d22302220637573746f6d656e647479706564737469643d22302220637573746f6d656e647479706573726369643d2230222061646f726e7376697369626c653d2231223e3c61646f726e6d656e742070657263656e74706f733d2235302e303136343936323035383732362220636f6e74726f6c69643d223135222077696474683d223431383122206865696768743d223334342220736964653d223022206265686176696f723d2233222068696d65747269633d223135393122206469737466726f6d6c696e653d22313735222073746172746f626a3d22302220783d222d33373830362220793d222d3139313632222076697369626c653d22302220616c6c6f776f7665726c61703d2231222075736570657263656e743d2231222f3e3c2f706f6c796c696e653e3c2f646473786d6c6f626a3e3c2f636f6e74726f6c3e3c6c61796f75746f626a6563743e3c646473786d6c6f626a2f3e3c2f6c61796f75746f626a6563743e3c636f6e6e6563746f7220736f7572636569643d223222206465737469643d22312220736f75726365617474616368706f696e743d223235222064657374617474616368706f696e743d22323422207365676d656e74656469746d6f64653d2230222062656e64706f696e74656469746d6f64653d2230222062656e64706f696e747669736962696c6974793d2230222072656c6174656469643d223022207669727475616c3d2230223e3c706f696e7420783d222d33333435302220793d222d3230353831222f3e3c706f696e7420783d222d33333435302220793d222d3137343030222f3e3c2f636f6e6e6563746f723e3c2f646473636f6e74726f6c3e3c646473636f6e74726f6c2073656d616e746963636f6f6b69653d2230316238356338653334303230303030663038643535386533343032303030302220636f6e74726f6c70726f6769643d224d534444532e546578742e3038302e3122206c6566743d222d33373830362220746f703d222d313931363222206c6f676963616c69643d2231352220636f6e74726f6c69643d22313522206d617374657269643d223134222068696e74313d2230222068696e74323d2230222077696474683d223431383122206865696768743d2233343422206e6f726573697a653d223122206e6f6d6f76653d223022206e6f64656661756c74617474616368706f696e74733d223122206175746f647261673d2231222075736564656661756c7469646473686170653d2231222073656c65637461626c653d2231222073686f7773656c656374696f6e68616e646c65733d22312220616c6c6f776e756467696e673d223122206973616e6e6f746174696f6e3d22302220646f6e746175746f6c61796f75743d2231222067726f7570636f6c6c61707365643d2230222074616273746f703d2230222076697369626c653d22302220736e6170746f677269643d2230223e3c636f6e74726f6c3e3c646473786d6c6f626a65637473747265616d696e6974777261707065722062696e6172793d2230303032303030303535313030303030353830313030303030333030303030303030303030353030303038303038303030303830303130303030303031353030303130303030303039303031343434323031303030363534363136383666366436313164303034363030346230303566303036663030363330303666303037323030373230303635303036653030363330303639303036313030373330303566303036633030363930303733303037343030363130303566303037363030363130303663303036663030373230303635303037333030333130303030303030303030222f3e3c2f636f6e74726f6c3e3c6c61796f75746f626a6563743e3c646473786d6c6f626a2f3e3c2f6c61796f75746f626a6563743e3c73686170652067726f7570736861706569643d2230222067726f75706e6f64653d2230222f3e3c2f646473636f6e74726f6c3e3c646473636f6e74726f6c2073656d616e746963636f6f6b69653d2230313030356330303031303030303030363430303632303036663030303030303436303034623030356630303666303036333030366630303732303037323030363530303665303036333030363930303631303037333030356630303663303036393030373330303734303036313030356630303736303036313030366330303666303037323030363530303733303033323030303030302220636f6e74726f6c70726f6769643d224d534444532e506f6c796c696e652e3038302e312220746f6f6c7469703d2252656c61c3a7c3a36f2027464b5f6f636f7272656e636961735f6c697374615f76616c6f726573322720656e74726520276c697374615f76616c6f72657327206520276f636f7272656e636961732722206c6566743d222d33333835372220746f703d222d323132373622206c6f676963616c69643d2231362220636f6e74726f6c69643d22313622206d617374657269643d2230222068696e74313d2230222068696e74323d2230222077696474683d2238313522206865696768743d223435373622206e6f726573697a653d223022206e6f6d6f76653d223022206e6f64656661756c74617474616368706f696e74733d223122206175746f647261673d2230222075736564656661756c7469646473686170653d2230222073656c65637461626c653d2231222073686f7773656c656374696f6e68616e646c65733d22302220616c6c6f776e756467696e673d223122206973616e6e6f746174696f6e3d22302220646f6e746175746f6c61796f75743d2230222067726f7570636f6c6c61707365643d2230222074616273746f703d2231222076697369626c653d22312220736e6170746f677269643d2230223e3c636f6e74726f6c3e3c646473786d6c6f626a3e3c706f6c796c696e6520656e64747970656473743d22302220656e64747970657372633d2232222075736572636f6c6f723d22313537393033323022206c696e657374796c653d223022206c696e6572656e6465723d22302220637573746f6d656e647479706564737469643d22302220637573746f6d656e647479706573726369643d2230222061646f726e7376697369626c653d2231223e3c61646f726e6d656e742070657263656e74706f733d2235302e303136343936323035383732362220636f6e74726f6c69643d223137222077696474683d223431383122206865696768743d223334342220736964653d223022206265686176696f723d2233222068696d65747269633d223135393122206469737466726f6d6c696e653d22313735222073746172746f626a3d22302220783d222d33373830362220793d222d3139313632222076697369626c653d22302220616c6c6f776f7665726c61703d2231222075736570657263656e743d2231222f3e3c2f706f6c796c696e653e3c2f646473786d6c6f626a3e3c2f636f6e74726f6c3e3c6c61796f75746f626a6563743e3c646473786d6c6f626a2f3e3c2f6c61796f75746f626a6563743e3c636f6e6e6563746f7220736f7572636569643d223222206465737469643d22312220736f75726365617474616368706f696e743d223235222064657374617474616368706f696e743d22323422207365676d656e74656469746d6f64653d2230222062656e64706f696e74656469746d6f64653d2230222062656e64706f696e747669736962696c6974793d2230222072656c6174656469643d223022207669727475616c3d2230223e3c706f696e7420783d222d33333435302220793d222d3230353831222f3e3c706f696e7420783d222d33333435302220793d222d3137343030222f3e3c2f636f6e6e6563746f723e3c2f646473636f6e74726f6c3e3c646473636f6e74726f6c2073656d616e746963636f6f6b69653d2230316165356338653334303230303030663061363464393333343032303030302220636f6e74726f6c70726f6769643d224d534444532e546578742e3038302e3122206c6566743d222d33373830362220746f703d222d313931363222206c6f676963616c69643d2231372220636f6e74726f6c69643d22313722206d617374657269643d223136222068696e74313d2230222068696e74323d2230222077696474683d223431383122206865696768743d2233343422206e6f726573697a653d223122206e6f6d6f76653d223022206e6f64656661756c74617474616368706f696e74733d223122206175746f647261673d2231222075736564656661756c7469646473686170653d2231222073656c65637461626c653d2231222073686f7773656c656374696f6e68616e646c65733d22312220616c6c6f776e756467696e673d223122206973616e6e6f746174696f6e3d22302220646f6e746175746f6c61796f75743d2231222067726f7570636f6c6c61707365643d2230222074616273746f703d2230222076697369626c653d22302220736e6170746f677269643d2230223e3c636f6e74726f6c3e3c646473786d6c6f626a65637473747265616d696e6974777261707065722062696e6172793d2230303032303030303535313030303030353830313030303030333030303030303030303030353030303038303038303030303830303130303030303031353030303130303030303039303031343434323031303030363534363136383666366436313164303034363030346230303566303036663030363330303666303037323030373230303635303036653030363330303639303036313030373330303566303036633030363930303733303037343030363130303566303037363030363130303663303036663030373230303635303037333030333230303030303030303030222f3e3c2f636f6e74726f6c3e3c6c61796f75746f626a6563743e3c646473786d6c6f626a2f3e3c2f6c61796f75746f626a6563743e3c73686170652067726f7570736861706569643d2230222067726f75706e6f64653d2230222f3e3c2f646473636f6e74726f6c3e3c646473636f6e74726f6c2073656d616e746963636f6f6b69653d2230313031386338333031303030303030363430303632303036663030303030303436303034623030356630303666303036333030366630303732303037323030363530303665303036333030363930303631303037333030356630303663303036393030373330303734303036313030356630303736303036313030366330303666303037323030363530303733303033333030303030302220636f6e74726f6c70726f6769643d224d534444532e506f6c796c696e652e3038302e312220746f6f6c7469703d2252656c61c3a7c3a36f2027464b5f6f636f7272656e636961735f6c697374615f76616c6f726573332720656e74726520276c697374615f76616c6f72657327206520276f636f7272656e636961732722206c6566743d222d33333835372220746f703d222d323132373622206c6f676963616c69643d2231382220636f6e74726f6c69643d22313822206d617374657269643d2230222068696e74313d2230222068696e74323d2230222077696474683d2238313522206865696768743d223435373622206e6f726573697a653d223022206e6f6d6f76653d223022206e6f64656661756c74617474616368706f696e74733d223122206175746f647261673d2230222075736564656661756c7469646473686170653d2230222073656c65637461626c653d2231222073686f7773656c656374696f6e68616e646c65733d22302220616c6c6f776e756467696e673d223122206973616e6e6f746174696f6e3d22302220646f6e746175746f6c61796f75743d2230222067726f7570636f6c6c61707365643d2230222074616273746f703d2231222076697369626c653d22312220736e6170746f677269643d2230223e3c636f6e74726f6c3e3c646473786d6c6f626a3e3c706f6c796c696e6520656e64747970656473743d22302220656e64747970657372633d2232222075736572636f6c6f723d22313537393033323022206c696e657374796c653d223022206c696e6572656e6465723d22302220637573746f6d656e647479706564737469643d22302220637573746f6d656e647479706573726369643d2230222061646f726e7376697369626c653d2231223e3c61646f726e6d656e742070657263656e74706f733d2235302e303136343936323035383732362220636f6e74726f6c69643d223139222077696474683d223431383122206865696768743d223334342220736964653d223022206265686176696f723d2233222068696d65747269633d223135393122206469737466726f6d6c696e653d22313735222073746172746f626a3d22302220783d222d33373830362220793d222d3139313632222076697369626c653d22302220616c6c6f776f7665726c61703d2231222075736570657263656e743d2231222f3e3c2f706f6c796c696e653e3c2f646473786d6c6f626a3e3c2f636f6e74726f6c3e3c6c61796f75746f626a6563743e3c646473786d6c6f626a2f3e3c2f6c61796f75746f626a6563743e3c636f6e6e6563746f7220736f7572636569643d223222206465737469643d22312220736f75726365617474616368706f696e743d223235222064657374617474616368706f696e743d22323422207365676d656e74656469746d6f64653d2230222062656e64706f696e74656469746d6f64653d2230222062656e64706f696e747669736962696c6974793d2230222072656c6174656469643d223022207669727475616c3d2230223e3c706f696e7420783d222d33333435302220793d222d3230353831222f3e3c706f696e7420783d222d33333435302220793d222d3137343030222f3e3c2f636f6e6e6563746f723e3c2f646473636f6e74726f6c3e3c646473636f6e74726f6c2073656d616e746963636f6f6b69653d2230313761663838653334303230303030343034376539386533343032303030302220636f6e74726f6c70726f6769643d224d534444532e546578742e3038302e3122206c6566743d222d33373830362220746f703d222d313931363222206c6f676963616c69643d2231392220636f6e74726f6c69643d22313922206d617374657269643d223138222068696e74313d2230222068696e74323d2230222077696474683d223431383122206865696768743d2233343422206e6f726573697a653d223122206e6f6d6f76653d223022206e6f64656661756c74617474616368706f696e74733d223122206175746f647261673d2231222075736564656661756c7469646473686170653d2231222073656c65637461626c653d2231222073686f7773656c656374696f6e68616e646c65733d22312220616c6c6f776e756467696e673d223122206973616e6e6f746174696f6e3d22302220646f6e746175746f6c61796f75743d2231222067726f7570636f6c6c61707365643d2230222074616273746f703d2230222076697369626c653d22302220736e6170746f677269643d2230223e3c636f6e74726f6c3e3c646473786d6c6f626a65637473747265616d696e6974777261707065722062696e6172793d2230303032303030303535313030303030353830313030303030333030303030303030303066666666666630303038303030303830303130303030303031353030303130303030303039303031343434323031303030363534363136383666366436313164303034363030346230303566303036663030363330303666303037323030373230303635303036653030363330303639303036313030373330303566303036633030363930303733303037343030363130303566303037363030363130303663303036663030373230303635303037333030333330303030303030303030222f3e3c2f636f6e74726f6c3e3c6c61796f75746f626a6563743e3c646473786d6c6f626a2f3e3c2f6c61796f75746f626a6563743e3c73686170652067726f7570736861706569643d2230222067726f75706e6f64653d2230222f3e3c2f646473636f6e74726f6c3e3c646473636f6e74726f6c2073656d616e746963636f6f6b69653d2230313031386338333031303030303030363430303632303036663030303030303436303034623030356630303666303036333030366630303732303037323030363530303665303036333030363930303631303037333030356630303663303036393030373330303734303036313030356630303736303036313030366330303666303037323030363530303733303033343030303030302220636f6e74726f6c70726f6769643d224d534444532e506f6c796c696e652e3038302e312220746f6f6c7469703d2252656c61c3a7c3a36f2027464b5f6f636f7272656e636961735f6c697374615f76616c6f726573342720656e74726520276c697374615f76616c6f72657327206520276f636f7272656e636961732722206c6566743d222d33333835372220746f703d222d323132373622206c6f676963616c69643d2232302220636f6e74726f6c69643d22323022206d617374657269643d2230222068696e74313d2230222068696e74323d2230222077696474683d2238313522206865696768743d223435373622206e6f726573697a653d223022206e6f6d6f76653d223022206e6f64656661756c74617474616368706f696e74733d223122206175746f647261673d2230222075736564656661756c7469646473686170653d2230222073656c65637461626c653d2231222073686f7773656c656374696f6e68616e646c65733d22302220616c6c6f776e756467696e673d223122206973616e6e6f746174696f6e3d22302220646f6e746175746f6c61796f75743d2230222067726f7570636f6c6c61707365643d2230222074616273746f703d2231222076697369626c653d22312220736e6170746f677269643d2230223e3c636f6e74726f6c3e3c646473786d6c6f626a3e3c706f6c796c696e6520656e64747970656473743d22302220656e64747970657372633d2232222075736572636f6c6f723d22313537393033323022206c696e657374796c653d223022206c696e6572656e6465723d22302220637573746f6d656e647479706564737469643d22302220637573746f6d656e647479706573726369643d2230222061646f726e7376697369626c653d2231223e3c61646f726e6d656e742070657263656e74706f733d2235302e303136343936323035383732362220636f6e74726f6c69643d223231222077696474683d223431383122206865696768743d223334342220736964653d223022206265686176696f723d2233222068696d65747269633d223135393122206469737466726f6d6c696e653d22313735222073746172746f626a3d22302220783d222d33373830362220793d222d3139313632222076697369626c653d22302220616c6c6f776f7665726c61703d2231222075736570657263656e743d2231222f3e3c2f706f6c796c696e653e3c2f646473786d6c6f626a3e3c2f636f6e74726f6c3e3c6c61796f75746f626a6563743e3c646473786d6c6f626a2f3e3c2f6c61796f75746f626a6563743e3c636f6e6e6563746f7220736f7572636569643d223222206465737469643d22312220736f75726365617474616368706f696e743d223235222064657374617474616368706f696e743d22323422207365676d656e74656469746d6f64653d2230222062656e64706f696e74656469746d6f64653d2230222062656e64706f696e747669736962696c6974793d2230222072656c6174656469643d223022207669727475616c3d2230223e3c706f696e7420783d222d33333435302220793d222d3230353831222f3e3c706f696e7420783d222d33333435302220793d222d3137343030222f3e3c2f636f6e6e6563746f723e3c2f646473636f6e74726f6c3e3c646473636f6e74726f6c2073656d616e746963636f6f6b69653d2230313732663838653334303230303030303037326366396233343032303030302220636f6e74726f6c70726f6769643d224d534444532e546578742e3038302e3122206c6566743d222d33373830362220746f703d222d313931363222206c6f676963616c69643d2232312220636f6e74726f6c69643d22323122206d617374657269643d223230222068696e74313d2230222068696e74323d2230222077696474683d223431383122206865696768743d2233343422206e6f726573697a653d223122206e6f6d6f76653d223022206e6f64656661756c74617474616368706f696e74733d223122206175746f647261673d2231222075736564656661756c7469646473686170653d2231222073656c65637461626c653d2231222073686f7773656c656374696f6e68616e646c65733d22312220616c6c6f776e756467696e673d223122206973616e6e6f746174696f6e3d22302220646f6e746175746f6c61796f75743d2231222067726f7570636f6c6c61707365643d2230222074616273746f703d2230222076697369626c653d22302220736e6170746f677269643d2230223e3c636f6e74726f6c3e3c646473786d6c6f626a65637473747265616d696e6974777261707065722062696e6172793d2230303032303030303535313030303030353830313030303030333030303030303030303066666666666630303038303030303830303130303030303031353030303130303030303039303031343434323031303030363534363136383666366436313164303034363030346230303566303036663030363330303666303037323030373230303635303036653030363330303639303036313030373330303566303036633030363930303733303037343030363130303566303037363030363130303663303036663030373230303635303037333030333430303030303030303030222f3e3c2f636f6e74726f6c3e3c6c61796f75746f626a6563743e3c646473786d6c6f626a2f3e3c2f6c61796f75746f626a6563743e3c73686170652067726f7570736861706569643d2230222067726f75706e6f64653d2230222f3e3c2f646473636f6e74726f6c3e3c2f6464733e0d0a0000000000000000000000000000000000000000000000000000000000000000000000000000000000000000000000000000000000000000000000000000000000000000000000000000000000000000000000000000000000000000000000000000000000000000000000000000000000000000000000000000000000000000000000000000000000000000000000000000000000000000000000000000000000000000000000000000000000000000000000000000000000000000000000000000000000000000000000000000000000000000000000000000000000000000000000000000000000000000000000000000000000000000000000000000000000000000000000000000000000000000000000000000000000000000000000000000000000000000000000000000000000000000000000000000000000000000000000000000000000000000000000000000000000000000000000000000000000000000000000000000000000000000000000000000000000000000000000000000000000000000000000000000000000000000000000000000000000000000000000000000000000000000000000000000000000000000000000000000000000000000000000000000000000000000000000000000000000000000000000000000000000000000000000000000000000000000000000feffffff02000000030000000400000005000000060000000700000008000000090000000a0000000b0000000c0000000d000000fefffffffeffffffffffffffffffffffffffffffffffffffffffffffffffffffffffffffffffffffffffffffffffffffffffffffffffffffffffffffffffffffffffffffffffffffffffffffffffffffffffffffffffffffffffffffffffffffffffffffffffffffffffffffffffffffffffffffffffffffffffffffffffffffffffffffffffffffffffffffffffffffffffffffffffffffffffffffffffffffffffffffffffffffffffffffffffffffffffffffffffffffffffffffffffffffffffffffffffffffffffffffffffffffffffffffffffffffffffffffffffffffffffffffffffffffffffffffffffffffffffffffffffffffffffffffffffffffffffffffffffffffffffffffffffffffffffffffffffffffffffffffffffffffffffffffffffffffffffffffffffffffffffffffffffffffffffffffffffffffffffffffffffffffffffffffffffffffffffffffffffffffffffffffffffffffffffffffffffffffffffffffffffffffffffffffffffffffffffffffffffffffffffffffffffffffffffffffffffffffffffffffffffffffffffffffffffffffffffffffffffffffffffffffffffffffffffffffffffffffffffffffffffffffffffffffffffffffffffffff010003000000000000000c0000000b0000004e61bc00000000000000000000000000000000000000000000000000000000000000000000000000000000000000dbe6b0e91c81d011ad5100a0c90f5739000002001081ef4a12d5dc01020200001048450000000000000000000000000000000000c20100004400610074006100200053006f0075007200630065003d003100390032002e003100360038002e00350030002e0033002c0031003400330033003b0049006e0069007400690061006c00200043006100740061006c006f0067003d00640065006e0075006e006300690061005f007300650067007500720061003b005000650072007300690073007400200053006500630075007200690074007900200049006e0066006f003d0054007200750065003b0055007300650072002000490044003d00730061003b004d0075006c007400690070006c0065002000410063007400690076006500200052006500730075006c007400200053006500740073003d00460061006c00730065003b0045006e00630072007900700074003d0054007200750065003b005400720075007300740020005300650072007600650072002000430065007200740069006600690063006100740065003d0054007200750065003b004100700070006c00690063006100740069006f006e0020004e0061006d0065003d002200530051004c00200053006500720076006500720020004d0061006e006100670065006d0065006e0074002000530074007500640069006f002200000000800500380000004400690061006700720061006d0061005f00420044005f00440065006e0075006e006300690061005f00530065006700750072006100000000022600180000006f0063006f007200720065006e006300690061007300000008000000640062006f000000000226001c0000006c0069007300740061005f00760061006c006f00720065007300000008000000640062006f000000000224001a000000630061006d0070006f0073005f006c006900730074006100000008000000640062006f00000001000000d68509b3bb6bf2459ab8371664f0327008004e0000007b00310036003300340043004400440037002d0030003800380038002d0034003200450033002d0039004600410032002d004200360044003300320035003600330042003900310044007d0000000000000000000000000000000000000000000000010003000000000000000c0000000b000000000000000000000000000000000000000000000000000000000000000000000000000000000000000000000000000000000000000000000000000000000000000000000000000000000000000000000000000000000000000000000000000000000000000000000000000000000053006300680065006d00610020005500440056002000440065006600610075006c007400200050006f007300740020005600360000000000000000000000000036000200ffffffffffffffffffffffff0000000000000000000000000000000000000000000000000000000000000000000000000e00000012000000000000000000000000000000000000000000000000000000000000000000000000000000000000000000000000000000000000000000000000000000000000000000000000000000ffffffffffffffffffffffff0000000000000000000000000000000000000000000000000000000000000000000000000000000000000000000000000000000000000000000000000000000000000000000000000000000000000000000000000000000000000000000000000000000000000000000000000000000000000000ffffffffffffffffffffffff0000000000000000000000000000000000000000000000000000000000000000000000000000000000000000000000000000000000000000000000000000000000000000000000000000000000000000000000000000000000000000000000000000000000000000000000000000000000000000ffffffffffffffffffffffff00000000000000000000000000000000000000000000000000000000000000000000000000000000000000000000000062885214);
/*!40000 ALTER TABLE "sysdiagrams" ENABLE KEYS */;

/*!40103 SET TIME_ZONE=IFNULL(@OLD_TIME_ZONE, 'system') */;
/*!40101 SET SQL_MODE=IFNULL(@OLD_SQL_MODE, '') */;
/*!40014 SET FOREIGN_KEY_CHECKS=IFNULL(@OLD_FOREIGN_KEY_CHECKS, 1) */;
/*!40101 SET CHARACTER_SET_CLIENT=@OLD_CHARACTER_SET_CLIENT */;
/*!40111 SET SQL_NOTES=IFNULL(@OLD_SQL_NOTES, 1) */;
